Model,Mean Squared Error,Mean Absolute Error,R²,Root Mean Squared Error,Train R²
Linear Regression 2: with no species,0.1708321747197781,0.3484095584327726,0.9513143498200114,0.4133184906579648,0.9063629133652946
Linear Regression 2: encoded species,0.1282031464178571,0.281489630761889,0.9634632436851428,0.3580546695937048,0.96376234892096
Linear Regression 1: with no species,0.1775081155819347,0.3572539952727632,0.9494117660592508,0.4213171199725151,0.9075408012783216
Linear Regression 1: encoded species,0.1291469504249262,0.2815791303716811,0.9631942679386124,0.3593702136028057,0.9637830450195128
Polynomial Regression: Weight vs Width,0.4364591238548738,0.552790892741206,0.8756130321661089,0.6606505308064725,0.9013795999535914
