Model,Mean Squared Error,Mean Absolute Error,R²,Root Mean Squared Error,Train R²
Polynomial Regression: Weight vs Width,0.4364591238548738,0.5527908927412059,0.8756130321661089,0.6606505308064724,0.9013795999535914
Polynomial Regression: n = 1,6.736453335415126,2.0385734427797053,-0.9198292773584168,2.5954678451899817,0.7698409686614901
Polynomial Regression: n = 2,6.969669175493834,2.1514486847478684,-0.9862937172400076,2.640013101386778,0.9013795999535914
Polynomial Regression: n = 3,6.661530214774608,2.125581393698634,-0.8984768544446373,2.580994036175715,0.9054379523785964
Polynomial Regression: n = 4,7.130524317555327,2.1603926893359304,-1.0321360018617671,2.670304161992661,0.9154051050959564
Polynomial Regression: n = 5,6.658499350689266,2.0766557870463904,-0.8976130851409678,2.5804068188348257,0.93350384954276
Polynomial Regression: n = 6,7.197913940529144,2.15166610174203,-1.0513414449537746,2.682892830608249,0.8962548548893096
Polynomial Regression: n = 7,7.940671892624803,2.255009427634426,-1.2630208541953372,2.817919781084054,0.8424882737863183
