Model,Mean Squared Error,Mean Absolute Error,R²,Root Mean Squared Error,Train R²
Polynomial Regression: Weight vs Width,0.4364591238548738,0.552790892741206,0.8756130321661089,0.6606505308064725,0.9013795999535914
