Model,Mean Squared Error,Mean Absolute Error,R²,Root Mean Squared Error,Train R²
Linear Regression 1: with no species,0.1775081155819355,0.3572539952727641,0.9494117660592508,0.4213171199725161,0.9075408012783218
Linear Regression 1: encoded species,0.1291469504249238,0.2815791303716846,0.9631942679386132,0.3593702136028024,0.9637830450195128
