Model,Mean Squared Error,Mean Absolute Error,R²,Root Mean Squared Error,Train R²
Linear Regression 1: with no species,0.17750811558193552,0.35725399527276414,0.9494117660592507,0.4213171199725161,0.9075408012783218
Linear Regression 1: encoded species,0.12914695042492386,0.28157913037168464,0.9631942679386132,0.35937021360280247,0.9637830450195127
Linear Regression 2: with no species,0.17083217471977816,0.34840955843277244,0.9513143498200114,0.41331849065796483,0.9063629133652944
Linear Regression 2: encoded species,0.12820314641785757,0.28148963076188965,0.9634632436851426,0.35805466959370547,0.9637623489209599
